-- Seed completo del menú original de v0 (mismas categorías, productos y precios)
truncate table public.product_modifier_groups, public.modifiers, public.modifier_groups, public.ticket_item_modifiers, public.ticket_items, public.tickets, public.menu_variants, public.menu_products, public.menu_categories restart identity cascade;

-- Categorías
insert into public.menu_categories (id, name, slug, sort_order) values
  ('3c250635-aca0-5a46-a8b3-ebc65c619eda', 'Con Cafe', 'con-cafe', 1),
  ('b0dcd253-9f25-5543-b61c-ae30f434acdb', 'A Base de Leche', 'a-base-de-leche', 2),
  ('7fd7b214-c67b-588d-94ef-d92617334070', 'Frappes', 'frappes', 3),
  ('6055bfa6-2690-5de5-9fe1-d129e3835adf', 'Infusiones', 'infusiones', 4),
  ('bcda1709-a5bb-53e1-b08d-c22f6fbffffb', 'Sodas Italianas', 'sodas', 5),
  ('7eeddcfd-8588-58f7-90f3-2c3a6c95fe71', 'Crepas Dulces', 'crepas-dulces', 6),
  ('ed66312e-e90e-5441-8b3f-a20f5c2ca482', 'Crepas Saladas', 'crepas-saladas', 7),
  ('2ceb4b67-5eba-5e61-a1c9-427eef77016c', 'Croissants', 'croissants', 8),
  ('e6904366-f6ab-512b-a49e-2ecb883ae130', 'Panaderia', 'panaderia', 9),
  ('286fd76c-c447-5cee-ad23-5fd80bca8245', 'Extras', 'extras', 10);

-- Productos
insert into public.menu_products (id, category_id, name, description, sort_order) values
  ('54f58db5-01ac-56cc-aaa2-67f799cf7eb4', '3c250635-aca0-5a46-a8b3-ebc65c619eda', 'Espresso', 'Con Cafe', 1),
  ('e68ed433-0beb-556a-9ae0-2e32682850db', '3c250635-aca0-5a46-a8b3-ebc65c619eda', 'Espresso Cortado', 'Con Cafe', 2),
  ('aa4db066-edd7-5fca-a1d8-d43848d13f65', '3c250635-aca0-5a46-a8b3-ebc65c619eda', 'Americano', 'Con Cafe', 3),
  ('fd0dd95f-0565-5370-912b-35fbf517b94a', '3c250635-aca0-5a46-a8b3-ebc65c619eda', 'Flat White', 'Con Cafe', 4),
  ('7a3a8050-082b-56ca-9932-de934914a124', '3c250635-aca0-5a46-a8b3-ebc65c619eda', 'Cappuccino', 'Con Cafe', 5),
  ('ef3ce130-1687-5e7a-9110-e624d6fda845', '3c250635-aca0-5a46-a8b3-ebc65c619eda', 'Latte', 'Con Cafe', 6),
  ('10536d2c-9f35-5826-b931-deb4b548f96c', '3c250635-aca0-5a46-a8b3-ebc65c619eda', 'Mocha', 'Con Cafe', 7),
  ('efd71b0d-8546-5342-a7dd-b8c151baffd3', '3c250635-aca0-5a46-a8b3-ebc65c619eda', 'Dirty Chai', 'Cafe + Chai Latte', 8),
  ('0b0cc3f6-966f-594b-a24a-a18e57f74432', 'b0dcd253-9f25-5543-b61c-ae30f434acdb', 'Taro', 'A Base de Leche', 9),
  ('8307b749-92fc-5802-84d7-6d2345d8f4b4', 'b0dcd253-9f25-5543-b61c-ae30f434acdb', 'Matcha Latte', 'A Base de Leche', 10),
  ('ccff5f77-aa16-5912-a1a9-f10853bfb01e', 'b0dcd253-9f25-5543-b61c-ae30f434acdb', 'Chocolate', 'A Base de Leche', 11),
  ('e2b904a0-f337-5188-8306-2cd205e2a938', 'b0dcd253-9f25-5543-b61c-ae30f434acdb', 'Choco/Banana', 'A Base de Leche', 12),
  ('48af3d37-5fa6-5da6-8684-da504f2e9258', 'b0dcd253-9f25-5543-b61c-ae30f434acdb', 'Cookies and Cream', 'A Base de Leche', 13),
  ('8b96d689-ca37-5ddc-bd7c-af66fd0a0134', 'b0dcd253-9f25-5543-b61c-ae30f434acdb', 'Chai Latte', 'A Base de Leche', 14),
  ('7f7e029f-563c-5100-8e81-b930841360f3', 'b0dcd253-9f25-5543-b61c-ae30f434acdb', 'Mazapan', 'A Base de Leche', 15),
  ('1f1a1fa5-bb13-53dd-a6a0-a1699eb657dd', 'b0dcd253-9f25-5543-b61c-ae30f434acdb', 'Choco/Menta', 'A Base de Leche', 16),
  ('3b0e2442-a599-593a-a30f-0cea527c0880', 'b0dcd253-9f25-5543-b61c-ae30f434acdb', 'Cajeta', 'A Base de Leche', 17),
  ('5d3019dc-9466-5e83-947a-dc698721f32e', 'b0dcd253-9f25-5543-b61c-ae30f434acdb', 'Malvavisco Tostado', 'A Base de Leche', 18),
  ('038f37eb-1267-522a-83e5-a8e23bad76eb', 'b0dcd253-9f25-5543-b61c-ae30f434acdb', 'Fresas con Crema', 'A Base de Leche', 19),
  ('7d17cea4-fcc9-5b0e-b9c5-9fb5269fbe69', '7fd7b214-c67b-588d-94ef-d92617334070', 'Cappuccino', 'Frappe a base de leche', 20),
  ('2132d5c5-e0a5-5a6f-8b90-4b82f5a2e6e5', '7fd7b214-c67b-588d-94ef-d92617334070', 'Cookies and Cream', 'Frappe a base de leche', 21),
  ('ab2e069e-07c2-5031-ac5d-d7b6a9249516', '7fd7b214-c67b-588d-94ef-d92617334070', 'Choco/Menta', 'Frappe a base de leche', 22),
  ('aa0b52c0-8d64-5a5d-a79c-add4a9773ff3', '7fd7b214-c67b-588d-94ef-d92617334070', 'Matcha', 'Frappe a base de leche', 23),
  ('707aa2ef-5a27-57d6-a97b-3a8491a32ab5', '7fd7b214-c67b-588d-94ef-d92617334070', 'Choco/Banana', 'Frappe a base de leche', 24),
  ('7e324964-7d60-5739-b797-90a431ddb1b5', '7fd7b214-c67b-588d-94ef-d92617334070', 'Fresas con Crema', 'Frappe a base de leche', 25),
  ('8875933f-c148-55a4-85ed-36a270f42e45', '7fd7b214-c67b-588d-94ef-d92617334070', 'Taro', 'Frappe a base de leche', 26),
  ('6c96a172-4c24-550c-ab8c-984118c7f85a', '7fd7b214-c67b-588d-94ef-d92617334070', 'Mazapan', 'Frappe a base de leche', 27),
  ('a580ddd1-aca9-561a-9b5e-3c927501bbef', '7fd7b214-c67b-588d-94ef-d92617334070', 'Cajeta', 'Frappe a base de leche', 28),
  ('54293d1c-b573-5ca3-b243-157b6e9dab1d', '7fd7b214-c67b-588d-94ef-d92617334070', 'Malvavisco Tostado', 'Frappe a base de leche', 29),
  ('b211fe98-54b2-5e60-b56f-7bd91a6bbe4f', '7fd7b214-c67b-588d-94ef-d92617334070', 'Fresa', 'Frappe a base de agua', 30),
  ('86d05577-cb59-564d-8977-4495e5566481', '7fd7b214-c67b-588d-94ef-d92617334070', 'Maracuya', 'Frappe a base de agua', 31),
  ('e409db44-ef87-5440-a891-6e1b33079080', '7fd7b214-c67b-588d-94ef-d92617334070', 'Mango', 'Frappe a base de agua', 32),
  ('8b019c98-973a-5724-8710-f3674e6edfd2', '7fd7b214-c67b-588d-94ef-d92617334070', 'Moras', 'Frappe a base de agua', 33),
  ('f9875450-62ef-5b1f-b68d-34c43eb29109', '7fd7b214-c67b-588d-94ef-d92617334070', 'Manzana Verde', 'Frappe a base de agua', 34),
  ('060b0a48-5aff-52b6-87b1-af54612e9f07', '7fd7b214-c67b-588d-94ef-d92617334070', 'Sandia/Limon', 'Frappe a base de agua', 35),
  ('45850c88-be1a-537b-bf30-86cfe8061775', '7fd7b214-c67b-588d-94ef-d92617334070', 'Pina', 'Frappe a base de agua', 36),
  ('ddf98fc9-b0af-5e8e-899e-027a028a78fa', '7fd7b214-c67b-588d-94ef-d92617334070', 'Mojito', 'Frappe a base de agua', 37),
  ('a562ab96-7931-5f8b-96f0-23f97fb9c488', '6055bfa6-2690-5de5-9fe1-d129e3835adf', 'Frambuesa/Hibiscos', 'Infusiones', 38),
  ('c1cc8fb7-6c6b-5e88-8164-f5c34a429a01', '6055bfa6-2690-5de5-9fe1-d129e3835adf', 'Jengibre/Limon', 'Infusiones', 39),
  ('6c30feab-5857-5690-838c-3a7247c30050', '6055bfa6-2690-5de5-9fe1-d129e3835adf', 'Manzana/Canela', 'Infusiones', 40),
  ('92d5e9ef-c1a7-5865-8c7d-1febb7c06c64', '6055bfa6-2690-5de5-9fe1-d129e3835adf', 'Naranja/Jengibre', 'Infusiones', 41),
  ('f3942033-47e9-50fc-9a04-7417af5ca4a0', '6055bfa6-2690-5de5-9fe1-d129e3835adf', 'Frutos del Bosque', 'Infusiones', 42),
  ('44f70ffe-dcae-5e41-aa3d-cda68f6c1701', '6055bfa6-2690-5de5-9fe1-d129e3835adf', 'Mango/Frutos de la Pasion', 'Infusiones', 43),
  ('29179938-c023-5599-883c-c8c0e607ab26', '6055bfa6-2690-5de5-9fe1-d129e3835adf', 'Chocolate/Avellana', 'Infusiones', 44),
  ('56b675fa-070d-5ed9-9817-eaebdddd0e41', '6055bfa6-2690-5de5-9fe1-d129e3835adf', 'Fresa/Mango', 'Infusiones', 45),
  ('e3277313-60c0-51b0-bba6-04a286c5455c', '6055bfa6-2690-5de5-9fe1-d129e3835adf', 'Te Negro/Bergamotta', 'Infusiones', 46),
  ('a1c563d1-41a5-5590-8ecc-1ddc83f42c15', '6055bfa6-2690-5de5-9fe1-d129e3835adf', 'Abango con Propoleo', 'Infusiones', 47),
  ('43314837-e021-5cce-b0c5-376d55ef6ba7', 'bcda1709-a5bb-53e1-b08d-c22f6fbffffb', 'Mango', 'Frio 16 oz', 48),
  ('b5e7d33e-138b-57f9-b933-e41eaf3f25bc', 'bcda1709-a5bb-53e1-b08d-c22f6fbffffb', 'Petalos de Rosa', 'Frio 16 oz', 49),
  ('65603037-7dd1-53fe-9ed1-34c762f20a4e', 'bcda1709-a5bb-53e1-b08d-c22f6fbffffb', 'Sandia/Limon', 'Frio 16 oz', 50),
  ('067b2c03-6273-5d6d-b804-4fe45c66c584', 'bcda1709-a5bb-53e1-b08d-c22f6fbffffb', 'Maracuya', 'Frio 16 oz', 51),
  ('47e1b92b-7f0f-5aa7-919e-a64cad873e9f', 'bcda1709-a5bb-53e1-b08d-c22f6fbffffb', 'Fresa', 'Frio 16 oz', 52),
  ('10d21569-719a-513d-9482-e874f6e0c8f7', 'bcda1709-a5bb-53e1-b08d-c22f6fbffffb', 'Moras', 'Frio 16 oz', 53),
  ('cb515995-39ac-5179-b9fa-67cf7a4e4701', 'bcda1709-a5bb-53e1-b08d-c22f6fbffffb', 'Manzana Verde', 'Frio 16 oz', 54),
  ('82be5770-6c29-5eaf-87c7-0163654896bf', 'bcda1709-a5bb-53e1-b08d-c22f6fbffffb', 'Pina', 'Frio 16 oz', 55),
  ('a5579e98-ee62-57ec-bd16-d769088cdec7', 'bcda1709-a5bb-53e1-b08d-c22f6fbffffb', 'Mojito', 'Frio 16 oz', 56),
  ('5fafbab6-5e58-50f5-840d-e78865c87655', '7eeddcfd-8588-58f7-90f3-2c3a6c95fe71', 'Crepa Sencilla', '1 ingrediente', 57),
  ('1736e4b6-5f8e-500c-a16d-6f7619f36dfd', '7eeddcfd-8588-58f7-90f3-2c3a6c95fe71', 'Crepa Doble', '2 ingredientes', 58),
  ('fb79fe92-5ce0-57df-8d95-3ce7bc388693', '7eeddcfd-8588-58f7-90f3-2c3a6c95fe71', 'Frutos del Bosque y Philadelphia', 'Las Favoritas', 59),
  ('575fece9-e7cd-5c86-8a1b-8c1448877fa9', '7eeddcfd-8588-58f7-90f3-2c3a6c95fe71', 'Manzana, Canela, Nuez y Philadelphia', 'Las Favoritas', 60),
  ('54f34cdc-cf23-5974-b9a7-0ae22f70b791', '7eeddcfd-8588-58f7-90f3-2c3a6c95fe71', 'Platano, Nutella y Nuez', 'Las Favoritas', 61),
  ('df99b0c7-98e7-5985-9ca7-1b824b750803', '7eeddcfd-8588-58f7-90f3-2c3a6c95fe71', 'Fresas, Platano y Philadelphia', 'Las Favoritas', 62),
  ('399debdf-f80b-5b37-af76-0a8fd349cfa4', '7eeddcfd-8588-58f7-90f3-2c3a6c95fe71', 'Frutos del Bosque y Nutella', 'Las Favoritas', 63),
  ('0f65ac93-5822-5111-a27c-b5b777c682d6', '7eeddcfd-8588-58f7-90f3-2c3a6c95fe71', 'Ingrediente Extra (Crepa)', 'Crepas Dulces', 64),
  ('7ad290a0-5c8d-5a5d-8cda-661637f41d9c', 'ed66312e-e90e-5441-8b3f-a20f5c2ca482', 'Jamon y Queso Manchego', 'Crepas Saladas', 65),
  ('9e8578a0-2ec0-5e30-971c-a169483c7b3a', 'ed66312e-e90e-5441-8b3f-a20f5c2ca482', 'Peperoni, Queso Manchego y Salsa', 'Crepas Saladas', 66),
  ('ef1f4aa8-1e1f-54ba-9e4e-d92df7b4b3b5', 'ed66312e-e90e-5441-8b3f-a20f5c2ca482', 'Champinon, Tocino, Queso Manchego', 'Crepas Saladas', 67),
  ('f7fbc4c1-b072-5e03-85c6-cd880c48878d', 'ed66312e-e90e-5441-8b3f-a20f5c2ca482', 'Jamon, Queso Manchego y Pina', 'Crepas Saladas', 68),
  ('28786f08-4555-53d9-a5fd-d26c102de260', '2ceb4b67-5eba-5e61-a1c9-427eef77016c', 'Croissant Peperoni', 'Peperoni, Queso Manchego y Salsa de Tomate', 69),
  ('2e21feba-6e81-53ca-81d3-6efdaa18ee72', '2ceb4b67-5eba-5e61-a1c9-427eef77016c', 'Croissant Jamon', 'Jamon de Pavo, Queso Manchego, Lechuga y Mayonesa', 70),
  ('39afdce2-9b1e-5b94-bab1-c2ca9438b64f', '2ceb4b67-5eba-5e61-a1c9-427eef77016c', 'Choco-Croissant', 'Nutella, Platano y Crema Batida', 71),
  ('0545f6bb-c824-50b9-acb4-6eddfacba546', '2ceb4b67-5eba-5e61-a1c9-427eef77016c', 'Croissant Frutos del Bosque', 'Frutos del Bosque, Nutella, Crema Batida', 72),
  ('748f28ef-4311-5639-bcb7-d05516719f4b', 'e6904366-f6ab-512b-a49e-2ecb883ae130', 'Panque de Zanahoria', 'Rebanada de Panque', 73),
  ('cf95ad02-9e46-5ce9-9fa2-c4055c636767', 'e6904366-f6ab-512b-a49e-2ecb883ae130', 'Panque de Limon', 'Rebanada de Panque', 74),
  ('e533b796-720c-51f3-ba6a-a897f096bec2', 'e6904366-f6ab-512b-a49e-2ecb883ae130', 'Panque de Manzana', 'Rebanada de Panque', 75),
  ('d34b0c0a-a908-5238-a8f6-1be428857425', 'e6904366-f6ab-512b-a49e-2ecb883ae130', 'Panque de Platano', 'Rebanada de Panque', 76),
  ('f5fc0c8b-4902-53da-89db-efedc4f96451', 'e6904366-f6ab-512b-a49e-2ecb883ae130', 'Panque Vainilla y Chocolate', 'Rebanada de Panque', 77),
  ('03628615-653c-558b-a8e4-4dac9bfbaaa6', 'e6904366-f6ab-512b-a49e-2ecb883ae130', 'Brownie', 'Rebanada de Panque', 78),
  ('d98c4ed7-97e9-595b-9a27-22ce1ec0b2ce', 'e6904366-f6ab-512b-a49e-2ecb883ae130', 'Cupcake Fresa', 'Cupcakes', 79),
  ('bbd1dc18-69b7-598c-b734-35c9be8c99df', 'e6904366-f6ab-512b-a49e-2ecb883ae130', 'Cupcake Chocolate', 'Cupcakes', 80),
  ('a4f61a2b-ec2d-59f5-ae1b-4eb85920a46f', 'e6904366-f6ab-512b-a49e-2ecb883ae130', 'Cupcake Vainilla y Frutos Rojos', 'Cupcakes', 81),
  ('be89a4b9-3ec3-52f5-849e-a9df384a416e', 'e6904366-f6ab-512b-a49e-2ecb883ae130', 'Cupcake Arcoiris', 'Cupcakes', 82),
  ('81943955-bcb8-5b17-9d0d-4661e7cbb427', '286fd76c-c447-5cee-ad23-5fd80bca8245', 'Shot de Crema Batida', 'Extras', 83),
  ('7c38f642-2333-5cda-a08f-4a7d84acbcdd', '286fd76c-c447-5cee-ad23-5fd80bca8245', 'Shot de Cafe', 'Extras', 84),
  ('05239f6b-6bde-522e-8838-ecb6ebbb5fd0', '286fd76c-c447-5cee-ad23-5fd80bca8245', 'Shot de Leche', 'Extras', 85),
  ('acb0e621-75af-5a01-b09c-302dd29e9f7c', '286fd76c-c447-5cee-ad23-5fd80bca8245', 'Saborizante Chico', 'Amaretto, Menta, Avellana, Caramelo, etc.', 86),
  ('8825e658-e08b-5c85-bd47-b30c91e7654b', '286fd76c-c447-5cee-ad23-5fd80bca8245', 'Saborizante Grande', 'Amaretto, Menta, Avellana, Caramelo, etc.', 87),
  ('f4a57335-5299-5cc9-9a51-99d8edf7e119', '286fd76c-c447-5cee-ad23-5fd80bca8245', 'Saborizante Frio', 'En las rocas', 88);

-- Variantes / precios
insert into public.menu_variants (id, product_id, name, size_label, price, sort_order) values
  ('5db69723-30bd-55ee-b9ea-7d983194fcfe', '54f58db5-01ac-56cc-aaa2-67f799cf7eb4', 'Chico', '1 oz', 20, 1),
  ('6fc3f1e7-bf5d-5ad0-9d2b-60e085db2860', '54f58db5-01ac-56cc-aaa2-67f799cf7eb4', 'Grande', '2 oz', 40, 2),
  ('05583775-e2f0-552c-9acf-d124f17778db', 'e68ed433-0beb-556a-9ae0-2e32682850db', 'Chico', '1.5 oz', 25, 1),
  ('4a8c6349-c960-5b8e-8dcf-29351c2ddc76', 'e68ed433-0beb-556a-9ae0-2e32682850db', 'Grande', '3 oz', 45, 2),
  ('a4dc1e6c-9671-5d48-8637-3b3456f8e4ec', 'aa4db066-edd7-5fca-a1d8-d43848d13f65', 'Chico', '12 oz', 30, 1),
  ('3f0f1c26-616c-5bab-834a-6f54df610c7a', 'aa4db066-edd7-5fca-a1d8-d43848d13f65', 'Grande', '16 oz', 40, 2),
  ('ac1be357-de94-5dd2-8d99-10f2f6e2d999', 'aa4db066-edd7-5fca-a1d8-d43848d13f65', 'Frio', '16 oz', 40, 3),
  ('e052d148-ab68-524c-80f5-b340395a934c', 'fd0dd95f-0565-5370-912b-35fbf517b94a', 'Chico', '12 oz', 50, 1),
  ('35991b65-8631-5820-9c5c-e7623b5d7a54', 'fd0dd95f-0565-5370-912b-35fbf517b94a', 'Grande', '16 oz', 60, 2),
  ('9984e284-8a63-5194-b568-313200affe48', '7a3a8050-082b-56ca-9932-de934914a124', 'Chico', '10 oz', 35, 1),
  ('887c5c92-2a0e-5b61-ab87-da6d52c8a199', '7a3a8050-082b-56ca-9932-de934914a124', 'Grande', '16 oz', 45, 2),
  ('f129149f-6aca-5bbc-b94c-86db022f430c', 'ef3ce130-1687-5e7a-9110-e624d6fda845', 'Chico', '12 oz', 45, 1),
  ('40fd407b-aac2-5833-abe4-006de0a2e4d2', 'ef3ce130-1687-5e7a-9110-e624d6fda845', 'Grande', '16 oz', 60, 2),
  ('8362ff64-0a36-5ccb-b3df-8bf9dc608f94', 'ef3ce130-1687-5e7a-9110-e624d6fda845', 'Frio', '16 oz', 60, 3),
  ('54572d20-ac40-552c-a64d-ad44a8bb25ef', '10536d2c-9f35-5826-b931-deb4b548f96c', 'Chico', '12 oz', 55, 1),
  ('f5f43b0f-9eea-5518-b682-c5d2c04cbd7c', '10536d2c-9f35-5826-b931-deb4b548f96c', 'Grande', '16 oz', 65, 2),
  ('a1d5a1cb-89b5-5772-9fc6-5daf0492f048', '10536d2c-9f35-5826-b931-deb4b548f96c', 'Frio', '16 oz', 65, 3),
  ('b8a27eea-456e-5a28-a1be-7ea6491e7972', 'efd71b0d-8546-5342-a7dd-b8c151baffd3', 'Chico', '12 oz', 60, 1),
  ('d9aceb8a-3c7b-5492-832a-2765cb483cab', 'efd71b0d-8546-5342-a7dd-b8c151baffd3', 'Grande', '16 oz', 70, 2),
  ('e61aa30f-7324-58c2-8210-a055026a6a06', 'efd71b0d-8546-5342-a7dd-b8c151baffd3', 'Frio', '16 oz', 75, 3),
  ('2f55ecf3-3e58-54ff-b87f-5c6c481c6f9b', '0b0cc3f6-966f-594b-a24a-a18e57f74432', 'Chico', '12 oz', 55, 1),
  ('79dbcbba-debf-5d88-aed4-07d1b13ea5be', '0b0cc3f6-966f-594b-a24a-a18e57f74432', 'Grande', '16 oz', 65, 2),
  ('4d874f90-f030-5940-bb2c-e1df059882db', '0b0cc3f6-966f-594b-a24a-a18e57f74432', 'Frio', '16 oz', 65, 3),
  ('f90537ce-c59f-5764-bb6c-b8cd70dd5634', '8307b749-92fc-5802-84d7-6d2345d8f4b4', 'Chico', '12 oz', 55, 1),
  ('f15f851c-2b8c-57bc-a208-ee1b5ad4e850', '8307b749-92fc-5802-84d7-6d2345d8f4b4', 'Grande', '16 oz', 65, 2),
  ('b76920f9-3a46-56ac-aae2-cad83cf01560', '8307b749-92fc-5802-84d7-6d2345d8f4b4', 'Frio', '16 oz', 65, 3),
  ('d80af464-f166-562b-9688-020de37178cc', 'ccff5f77-aa16-5912-a1a9-f10853bfb01e', 'Chico', '12 oz', 55, 1),
  ('db2ca4a6-67e1-5585-b8df-6327fc51ecc6', 'ccff5f77-aa16-5912-a1a9-f10853bfb01e', 'Grande', '16 oz', 65, 2),
  ('fd7c4b54-2cea-5d3d-8e8a-bf1cc877d743', 'ccff5f77-aa16-5912-a1a9-f10853bfb01e', 'Frio', '16 oz', 65, 3),
  ('04692718-1bb5-5901-8e8d-83fcd4ac35c3', 'e2b904a0-f337-5188-8306-2cd205e2a938', 'Chico', '12 oz', 55, 1),
  ('0ac7ad0a-7d5c-5990-b306-027d5a9df220', 'e2b904a0-f337-5188-8306-2cd205e2a938', 'Grande', '16 oz', 65, 2),
  ('23818434-6d7d-50b1-911f-bd183b57d639', 'e2b904a0-f337-5188-8306-2cd205e2a938', 'Frio', '16 oz', 65, 3),
  ('82f3ac3e-3be4-5d5c-a834-0f6f3554b30d', '48af3d37-5fa6-5da6-8684-da504f2e9258', 'Chico', '12 oz', 55, 1),
  ('c9ad1c8f-24e9-5041-aa26-4682bc06879b', '48af3d37-5fa6-5da6-8684-da504f2e9258', 'Grande', '16 oz', 65, 2),
  ('025f3283-b8b1-51da-8f25-824a6b68dcb8', '48af3d37-5fa6-5da6-8684-da504f2e9258', 'Frio', '16 oz', 65, 3),
  ('48384c73-be3b-5d16-8fc1-ff679c370119', '8b96d689-ca37-5ddc-bd7c-af66fd0a0134', 'Chico', '12 oz', 55, 1),
  ('d516eb66-5494-5e52-b7dd-99e06c38247e', '8b96d689-ca37-5ddc-bd7c-af66fd0a0134', 'Grande', '16 oz', 65, 2),
  ('5bbc9b23-c9a7-57db-9d22-90973158484b', '8b96d689-ca37-5ddc-bd7c-af66fd0a0134', 'Frio', '16 oz', 65, 3),
  ('0cba2de2-5aeb-58ce-9f46-5b57a6060470', '7f7e029f-563c-5100-8e81-b930841360f3', 'Chico', '12 oz', 55, 1),
  ('3f23df31-31f6-5388-a72e-c634704b58dc', '7f7e029f-563c-5100-8e81-b930841360f3', 'Grande', '16 oz', 65, 2),
  ('7c6b78a7-8fdc-5292-b9de-4c525e87d5b0', '7f7e029f-563c-5100-8e81-b930841360f3', 'Frio', '16 oz', 65, 3),
  ('e75fa986-93af-5e28-a4b6-2d1f5b48d2df', '1f1a1fa5-bb13-53dd-a6a0-a1699eb657dd', 'Chico', '12 oz', 55, 1),
  ('e7f20535-2557-5ab8-9032-3b5d72fdc3a9', '1f1a1fa5-bb13-53dd-a6a0-a1699eb657dd', 'Grande', '16 oz', 65, 2),
  ('49393eaa-7378-54ea-9d81-74d20faf37ee', '1f1a1fa5-bb13-53dd-a6a0-a1699eb657dd', 'Frio', '16 oz', 65, 3),
  ('d0a8460e-64a9-5d9f-b2f7-8ced3b2ac2f8', '3b0e2442-a599-593a-a30f-0cea527c0880', 'Chico', '12 oz', 55, 1),
  ('ba10e1cd-7b68-50f4-8d2a-f594c4eabe13', '3b0e2442-a599-593a-a30f-0cea527c0880', 'Grande', '16 oz', 65, 2),
  ('32a5dba7-a8c8-58de-ad04-c2b22e016ee4', '3b0e2442-a599-593a-a30f-0cea527c0880', 'Frio', '16 oz', 65, 3),
  ('2dabb980-3eca-587b-a63b-838f7f2d6d81', '5d3019dc-9466-5e83-947a-dc698721f32e', 'Chico', '12 oz', 55, 1),
  ('53e97399-e0d1-59a4-b30f-cdd2c9571e25', '5d3019dc-9466-5e83-947a-dc698721f32e', 'Grande', '16 oz', 65, 2),
  ('1172e1d9-bb61-5e89-a258-f9fb03bdd81d', '5d3019dc-9466-5e83-947a-dc698721f32e', 'Frio', '16 oz', 65, 3),
  ('aebf01f6-f07f-5959-b48a-160dad2153a5', '038f37eb-1267-522a-83e5-a8e23bad76eb', 'Chico', '12 oz', 55, 1),
  ('4507e9f9-1d11-5db8-87c5-0009639bbda4', '038f37eb-1267-522a-83e5-a8e23bad76eb', 'Grande', '16 oz', 65, 2),
  ('b2662f24-6148-5bbd-be62-4eaea1ecbe7a', '038f37eb-1267-522a-83e5-a8e23bad76eb', 'Frio', '16 oz', 65, 3),
  ('3389f0a3-5927-555a-9250-7e3320426905', '7d17cea4-fcc9-5b0e-b9c5-9fb5269fbe69', 'Chico', '12 oz', 45, 1),
  ('5a834932-94a1-584d-8f8c-a460155bafe3', '7d17cea4-fcc9-5b0e-b9c5-9fb5269fbe69', 'Grande', '16 oz', 60, 2),
  ('74c303ac-ec13-5e52-8522-0a61f54c7294', '2132d5c5-e0a5-5a6f-8b90-4b82f5a2e6e5', 'Chico', '12 oz', 45, 1),
  ('77a9b3f4-cf3f-59d4-9a66-6996e68789e1', '2132d5c5-e0a5-5a6f-8b90-4b82f5a2e6e5', 'Grande', '16 oz', 60, 2),
  ('b56632d1-9e18-5ea2-b4a4-7114a8f61904', 'ab2e069e-07c2-5031-ac5d-d7b6a9249516', 'Chico', '12 oz', 45, 1),
  ('9f1f7002-0a01-58e0-86ac-529921667f81', 'ab2e069e-07c2-5031-ac5d-d7b6a9249516', 'Grande', '16 oz', 60, 2),
  ('ce4e8514-0344-5600-b53d-2228eb279c1b', 'aa0b52c0-8d64-5a5d-a79c-add4a9773ff3', 'Chico', '12 oz', 45, 1),
  ('8a52ff52-2f2b-56ce-8486-815f0a3ab72c', 'aa0b52c0-8d64-5a5d-a79c-add4a9773ff3', 'Grande', '16 oz', 60, 2),
  ('019058bb-9536-5ebd-8aa3-e43810ac8aaa', '707aa2ef-5a27-57d6-a97b-3a8491a32ab5', 'Chico', '12 oz', 45, 1),
  ('7eaf718e-a413-5aa6-9702-769ad5aa81f8', '707aa2ef-5a27-57d6-a97b-3a8491a32ab5', 'Grande', '16 oz', 60, 2),
  ('be73f308-4a28-56ff-b939-3530ba1385e9', '7e324964-7d60-5739-b797-90a431ddb1b5', 'Chico', '12 oz', 45, 1),
  ('d42a77f7-ec9d-5783-9a57-4b36b13236ae', '7e324964-7d60-5739-b797-90a431ddb1b5', 'Grande', '16 oz', 60, 2),
  ('e7d1f8ab-1a53-5da9-9203-df1de4f67838', '8875933f-c148-55a4-85ed-36a270f42e45', 'Chico', '12 oz', 45, 1),
  ('db1a1e54-1a82-5cc9-a316-1cd20d024f8f', '8875933f-c148-55a4-85ed-36a270f42e45', 'Grande', '16 oz', 60, 2),
  ('d13aa559-08d7-59ff-9862-b0bf7a2cf566', '6c96a172-4c24-550c-ab8c-984118c7f85a', 'Chico', '12 oz', 45, 1),
  ('4fed813c-c2a8-52b7-9f5e-64247e72cb67', '6c96a172-4c24-550c-ab8c-984118c7f85a', 'Grande', '16 oz', 60, 2),
  ('951fd96f-2312-5f35-ac93-17004e6383cb', 'a580ddd1-aca9-561a-9b5e-3c927501bbef', 'Chico', '12 oz', 45, 1),
  ('a54bd318-e8a6-5c76-9ed2-c22bf5a7801e', 'a580ddd1-aca9-561a-9b5e-3c927501bbef', 'Grande', '16 oz', 60, 2),
  ('761cc00b-172f-566b-b7ba-b63cfa7dc4f8', '54293d1c-b573-5ca3-b243-157b6e9dab1d', 'Chico', '12 oz', 45, 1),
  ('cff2874e-a35b-5d88-b6d4-0976849d9b23', '54293d1c-b573-5ca3-b243-157b6e9dab1d', 'Grande', '16 oz', 60, 2),
  ('af1d0c13-73ca-5e1f-b360-17e4e548577a', 'b211fe98-54b2-5e60-b56f-7bd91a6bbe4f', 'Chico', '12 oz', 45, 1),
  ('603cf8e1-b916-5179-bbdb-970ab2b7de45', 'b211fe98-54b2-5e60-b56f-7bd91a6bbe4f', 'Grande', '16 oz', 60, 2),
  ('347daa20-0fe9-5de2-b04a-22fed7927d5d', '86d05577-cb59-564d-8977-4495e5566481', 'Chico', '12 oz', 45, 1),
  ('949e511a-50e2-5fe9-bce1-9f1f8807cbab', '86d05577-cb59-564d-8977-4495e5566481', 'Grande', '16 oz', 60, 2),
  ('b1c4959f-7d47-59e3-8f7b-f8c89fbf9124', 'e409db44-ef87-5440-a891-6e1b33079080', 'Chico', '12 oz', 45, 1),
  ('bcbc693e-90eb-506c-a404-d507c9ffd6f0', 'e409db44-ef87-5440-a891-6e1b33079080', 'Grande', '16 oz', 60, 2),
  ('856f583d-6c62-5a05-8149-26ae4832ceda', '8b019c98-973a-5724-8710-f3674e6edfd2', 'Chico', '12 oz', 45, 1),
  ('e981a684-3c93-5376-99e0-c247bcff055f', '8b019c98-973a-5724-8710-f3674e6edfd2', 'Grande', '16 oz', 60, 2),
  ('c98626b2-b191-5398-8c10-f457a83bbb52', 'f9875450-62ef-5b1f-b68d-34c43eb29109', 'Chico', '12 oz', 45, 1),
  ('4f749549-d70a-594e-b892-9d6ea885963e', 'f9875450-62ef-5b1f-b68d-34c43eb29109', 'Grande', '16 oz', 60, 2),
  ('cff7c560-25c4-5c99-a048-27d5cb1bfdaa', '060b0a48-5aff-52b6-87b1-af54612e9f07', 'Chico', '12 oz', 45, 1),
  ('6fa11afc-8e65-5808-b6e9-2aa4a05a44a7', '060b0a48-5aff-52b6-87b1-af54612e9f07', 'Grande', '16 oz', 60, 2),
  ('063acbac-4a26-55a9-ae7e-01ac86d9bd39', '45850c88-be1a-537b-bf30-86cfe8061775', 'Chico', '12 oz', 45, 1),
  ('245261fa-8567-5c63-a992-6f72e3bf3275', '45850c88-be1a-537b-bf30-86cfe8061775', 'Grande', '16 oz', 60, 2),
  ('94e13d43-36ea-54b2-b4a3-54728bbe8eb8', 'ddf98fc9-b0af-5e8e-899e-027a028a78fa', 'Chico', '12 oz', 45, 1),
  ('21bf0b6c-a328-555c-84ae-46101a01c07c', 'ddf98fc9-b0af-5e8e-899e-027a028a78fa', 'Grande', '16 oz', 60, 2),
  ('611f0e9c-08a1-5be6-8c34-7d6550fb7655', 'a562ab96-7931-5f8b-96f0-23f97fb9c488', 'Chico', '12 oz', 35, 1),
  ('3e770727-5d4e-5b74-bed2-ad835728567b', 'a562ab96-7931-5f8b-96f0-23f97fb9c488', 'Grande', '16 oz', 40, 2),
  ('fe893933-6d6b-5cf6-838b-0fc4c47ddb8c', 'a562ab96-7931-5f8b-96f0-23f97fb9c488', 'Frio', '16 oz', 40, 3),
  ('412c1026-9cd1-5d4d-88b7-39d2e2fc7aaf', 'c1cc8fb7-6c6b-5e88-8164-f5c34a429a01', 'Chico', '12 oz', 35, 1),
  ('94fa9f11-9370-5036-89d3-3c5c003ef6dd', 'c1cc8fb7-6c6b-5e88-8164-f5c34a429a01', 'Grande', '16 oz', 40, 2),
  ('392af710-c986-51b1-b657-98f9f81430e8', 'c1cc8fb7-6c6b-5e88-8164-f5c34a429a01', 'Frio', '16 oz', 40, 3),
  ('c94f2934-4a2a-5e4f-96b9-c05bdce7ac2e', '6c30feab-5857-5690-838c-3a7247c30050', 'Chico', '12 oz', 35, 1),
  ('7565f8f6-fd62-5d6c-8ebd-5dc1fc7ace77', '6c30feab-5857-5690-838c-3a7247c30050', 'Grande', '16 oz', 40, 2),
  ('b3bcb603-99a1-516a-99c4-cae59b716994', '6c30feab-5857-5690-838c-3a7247c30050', 'Frio', '16 oz', 40, 3),
  ('d36a5e32-4cb5-5aa8-9214-afd0b2b7442a', '92d5e9ef-c1a7-5865-8c7d-1febb7c06c64', 'Chico', '12 oz', 35, 1),
  ('af280472-3e20-5b29-869b-3d6629da3b12', '92d5e9ef-c1a7-5865-8c7d-1febb7c06c64', 'Grande', '16 oz', 40, 2),
  ('b337ce04-7acd-503f-b3ee-11da1161d83e', '92d5e9ef-c1a7-5865-8c7d-1febb7c06c64', 'Frio', '16 oz', 40, 3),
  ('4dd16461-2c7c-5fb2-aafd-cfab3ea73584', 'f3942033-47e9-50fc-9a04-7417af5ca4a0', 'Chico', '12 oz', 35, 1),
  ('fe437b4e-80ff-53dd-8022-2050ae3b14c0', 'f3942033-47e9-50fc-9a04-7417af5ca4a0', 'Grande', '16 oz', 40, 2),
  ('d07d91d4-9bdb-5c18-b33d-16f556dceeb8', 'f3942033-47e9-50fc-9a04-7417af5ca4a0', 'Frio', '16 oz', 40, 3),
  ('ca442ed9-a6dd-56ce-8e9e-a587d76ab4fe', '44f70ffe-dcae-5e41-aa3d-cda68f6c1701', 'Chico', '12 oz', 35, 1),
  ('bd441b0b-2abd-52ff-b0e3-dee890b77478', '44f70ffe-dcae-5e41-aa3d-cda68f6c1701', 'Grande', '16 oz', 40, 2),
  ('aa0e9ec4-160c-5fcc-b101-0b386f08e30f', '44f70ffe-dcae-5e41-aa3d-cda68f6c1701', 'Frio', '16 oz', 40, 3),
  ('07465d50-45ab-5740-884c-1cfacef09303', '29179938-c023-5599-883c-c8c0e607ab26', 'Chico', '12 oz', 35, 1),
  ('17e7a2fc-3916-58cf-a37c-f287410c042a', '29179938-c023-5599-883c-c8c0e607ab26', 'Grande', '16 oz', 40, 2),
  ('92b71337-1cbd-59e1-a30a-c2d6b3b083de', '29179938-c023-5599-883c-c8c0e607ab26', 'Frio', '16 oz', 40, 3),
  ('f6e42b77-eea1-5844-aee3-f8f325d28d88', '56b675fa-070d-5ed9-9817-eaebdddd0e41', 'Chico', '12 oz', 35, 1),
  ('7684eff8-b169-524b-8cdf-9f43bd0aa9b7', '56b675fa-070d-5ed9-9817-eaebdddd0e41', 'Grande', '16 oz', 40, 2),
  ('1b972ff9-abd1-5eb2-8189-db8696da3831', '56b675fa-070d-5ed9-9817-eaebdddd0e41', 'Frio', '16 oz', 40, 3),
  ('38db1c64-ba45-58a3-add8-11a750fbaf34', 'e3277313-60c0-51b0-bba6-04a286c5455c', 'Chico', '12 oz', 35, 1),
  ('733e314a-d028-50c1-86dd-d2b59b10c73d', 'e3277313-60c0-51b0-bba6-04a286c5455c', 'Grande', '16 oz', 40, 2),
  ('e511d48d-5949-59bf-b0d4-f6e1151b44c4', 'e3277313-60c0-51b0-bba6-04a286c5455c', 'Frio', '16 oz', 40, 3),
  ('797302f8-8d62-5558-9a7a-f965cb3c14b4', 'a1c563d1-41a5-5590-8ecc-1ddc83f42c15', 'Chico', '12 oz', 35, 1),
  ('9ade5883-e776-5cc2-8f58-38ac361c6c0d', 'a1c563d1-41a5-5590-8ecc-1ddc83f42c15', 'Grande', '16 oz', 40, 2),
  ('1111264f-a47f-568b-9239-56dba8618e45', 'a1c563d1-41a5-5590-8ecc-1ddc83f42c15', 'Frio', '16 oz', 40, 3),
  ('f70b8e5e-235e-5555-ad86-049acd8006e0', '43314837-e021-5cce-b0c5-376d55ef6ba7', 'Único', null, 60, 1),
  ('9b68415d-bb84-5d04-a0b3-410c11c910c4', 'b5e7d33e-138b-57f9-b933-e41eaf3f25bc', 'Único', null, 60, 1),
  ('3f966b08-91eb-51c9-bb0f-a34398eacbc1', '65603037-7dd1-53fe-9ed1-34c762f20a4e', 'Único', null, 60, 1),
  ('d3f1f71c-2e80-55d7-81fb-83781040cfc7', '067b2c03-6273-5d6d-b804-4fe45c66c584', 'Único', null, 60, 1),
  ('cb3b9628-8cad-5c5e-8961-63fb6aa3affd', '47e1b92b-7f0f-5aa7-919e-a64cad873e9f', 'Único', null, 60, 1),
  ('0d81d070-1f6c-56fd-89ba-a935480e9c02', '10d21569-719a-513d-9482-e874f6e0c8f7', 'Único', null, 60, 1),
  ('ba95955b-0ae0-5d5c-9ab5-ee59cecafc87', 'cb515995-39ac-5179-b9fa-67cf7a4e4701', 'Único', null, 60, 1),
  ('19eab61d-e776-5fb3-b54b-30715266944e', '82be5770-6c29-5eaf-87c7-0163654896bf', 'Único', null, 60, 1),
  ('462d7bfa-825b-5fe4-8ac6-85fed05a77e6', 'a5579e98-ee62-57ec-bd16-d769088cdec7', 'Único', null, 60, 1),
  ('5bd2dbe9-51f0-5ad4-9c87-db765756c452', '5fafbab6-5e58-50f5-840d-e78865c87655', 'Único', null, 35, 1),
  ('ad98b2be-e012-5f5e-a0bf-ad79bdd4b29b', '1736e4b6-5f8e-500c-a16d-6f7619f36dfd', 'Único', null, 45, 1),
  ('2fd074df-597c-5efe-95ca-51d42c98e31f', 'fb79fe92-5ce0-57df-8d95-3ce7bc388693', 'Único', null, 45, 1),
  ('ec4864d1-f0ec-510f-beb0-bd7b562b7933', '575fece9-e7cd-5c86-8a1b-8c1448877fa9', 'Único', null, 55, 1),
  ('edcce979-325f-5479-bd7b-bc52421640d8', '54f34cdc-cf23-5974-b9a7-0ae22f70b791', 'Único', null, 55, 1),
  ('a2b78440-0319-5e6a-992c-21133f14dc0d', 'df99b0c7-98e7-5985-9ca7-1b824b750803', 'Único', null, 55, 1),
  ('27e3515a-50a9-5b51-aac4-9cd7eff1b801', '399debdf-f80b-5b37-af76-0a8fd349cfa4', 'Único', null, 55, 1),
  ('fbc18d42-f5ad-5b32-b932-097018613b96', '0f65ac93-5822-5111-a27c-b5b777c682d6', 'Único', null, 10, 1),
  ('f6fbc087-0af6-5c4f-9637-629335dade50', '7ad290a0-5c8d-5a5d-8cda-661637f41d9c', 'Único', null, 45, 1),
  ('8632f743-f332-57c5-a55b-ffa056dab59c', '9e8578a0-2ec0-5e30-971c-a169483c7b3a', 'Único', null, 45, 1),
  ('36462965-bb2b-51f6-a8c4-8e9619506996', 'ef1f4aa8-1e1f-54ba-9e4e-d92df7b4b3b5', 'Único', null, 55, 1),
  ('c7b652df-57d0-5c00-854d-97568ceab654', 'f7fbc4c1-b072-5e03-85c6-cd880c48878d', 'Único', null, 55, 1),
  ('15d057bc-9ad4-59b5-ac38-2c35227519b3', '28786f08-4555-53d9-a5fd-d26c102de260', 'Único', null, 45, 1),
  ('399c3d4a-77c0-5c0c-9488-8e681569a4c7', '2e21feba-6e81-53ca-81d3-6efdaa18ee72', 'Único', null, 45, 1),
  ('e2908b4d-d7d9-590a-aca2-7c282f5b71c1', '39afdce2-9b1e-5b94-bab1-c2ca9438b64f', 'Único', null, 55, 1),
  ('92e49d25-ccc0-5bac-b7e9-d33818e4c2eb', '0545f6bb-c824-50b9-acb4-6eddfacba546', 'Único', null, 55, 1),
  ('44325f11-346c-595b-9b49-b529e5175472', '748f28ef-4311-5639-bcb7-d05516719f4b', 'Único', null, 20, 1),
  ('5c5b0a10-7f13-5254-8f3c-27be75949dd9', 'cf95ad02-9e46-5ce9-9fa2-c4055c636767', 'Único', null, 20, 1),
  ('1e027014-5e06-5e07-b5e1-1503393ca2bf', 'e533b796-720c-51f3-ba6a-a897f096bec2', 'Único', null, 20, 1),
  ('1ba571d9-b3f3-5930-acc7-87f60b5abd4b', 'd34b0c0a-a908-5238-a8f6-1be428857425', 'Único', null, 15, 1),
  ('efc9db47-cccf-50ec-a1d1-eb9ed1dffc39', 'f5fc0c8b-4902-53da-89db-efedc4f96451', 'Único', null, 25, 1),
  ('ff5b6415-82a8-55ed-9d47-ff7e1ce43423', '03628615-653c-558b-a8e4-4dac9bfbaaa6', 'Único', null, 25, 1),
  ('4fa2eb17-08ce-5443-9ca6-18ed4a5a45cb', 'd98c4ed7-97e9-595b-9a27-22ce1ec0b2ce', 'Único', null, 15, 1),
  ('f84b4f46-8704-5cf0-bd4b-9be380384fec', 'bbd1dc18-69b7-598c-b734-35c9be8c99df', 'Único', null, 15, 1),
  ('d0c41ad6-decd-5aa3-9a46-3f6e16b01ad9', 'a4f61a2b-ec2d-59f5-ae1b-4eb85920a46f', 'Único', null, 15, 1),
  ('98a59ce7-7dc1-5981-b0be-b557df1d49fe', 'be89a4b9-3ec3-52f5-849e-a9df384a416e', 'Único', null, 15, 1),
  ('364d3f41-c284-5339-8cac-022afb35d918', '81943955-bcb8-5b17-9d0d-4661e7cbb427', 'Único', null, 10, 1),
  ('cae589e6-a898-55b5-996e-da6c16d70b8d', '7c38f642-2333-5cda-a08f-4a7d84acbcdd', 'Único', null, 5, 1),
  ('f69b8373-cd3d-5b65-9490-e663a2cf5123', '05239f6b-6bde-522e-8838-ecb6ebbb5fd0', 'Único', null, 7, 1),
  ('cc49f446-f8b6-501f-a0ca-28a4e201570b', 'acb0e621-75af-5a01-b09c-302dd29e9f7c', 'Único', null, 5, 1),
  ('20b50790-6609-53d7-97b6-daa59a803000', '8825e658-e08b-5c85-bd47-b30c91e7654b', 'Único', null, 10, 1),
  ('ac62b6d7-7313-53e2-b4f1-0befda44ac4e', 'f4a57335-5299-5cc9-9a51-99d8edf7e119', 'Único', null, 10, 1);

-- Modificadores base
insert into public.modifier_groups (id, name, min_select, max_select, is_required, sort_order) values
  ('906160b8-1c83-533a-91cd-34c7f41a781f', 'Tipo de leche', 0, 1, false, 1),
  ('821003f4-d746-54d7-a583-63e49dc549f9', 'Extras', 0, 3, false, 2);

insert into public.modifiers (id, group_id, name, price_delta, sort_order) values
  ('d7e08f76-5028-5413-a911-94a902b24067', '906160b8-1c83-533a-91cd-34c7f41a781f', 'Leche deslactosada', 8, 1),
  ('aa13e073-3560-5e07-be2d-27de4923f8b1', '906160b8-1c83-533a-91cd-34c7f41a781f', 'Leche de avena', 12, 2),
  ('57c35002-f5d2-5faa-a60e-ef4020718d5a', '821003f4-d746-54d7-a583-63e49dc549f9', 'Shot extra espresso', 10, 1),
  ('1d45f75d-5b9e-58aa-83d9-9012ccfc4433', '821003f4-d746-54d7-a583-63e49dc549f9', 'Jarabe vainilla', 6, 2);

insert into public.product_modifier_groups (product_id, group_id) values
  ('ef3ce130-1687-5e7a-9110-e624d6fda845', '906160b8-1c83-533a-91cd-34c7f41a781f'),
  ('ef3ce130-1687-5e7a-9110-e624d6fda845', '821003f4-d746-54d7-a583-63e49dc549f9'),
  ('ae4d8f0f-68d1-55fb-8895-8c4bc122b07c', '906160b8-1c83-533a-91cd-34c7f41a781f');
